question_id	domain	question_text_english	gold_standard_answer	answer_format_regex	gold_standard_reasoning
FA_HIST_001	Factual Accuracy	In what year did the Battle of Hastings occur, leading to the Norman conquest of England?	1066	\b1066\b	
FA_HIST_002	Factual Accuracy	The Magna Carta was famously signed by which English king in 1215?	King John	King John|John	
FA_HIST_003	Factual Accuracy	Who was the first emperor of Rome?	Augustus	Augustus	
FA_HIST_004	Factual Accuracy	The Thirty Years' War primarily took place on the territory of which modern-day country?	Germany	Germany	
FA_HIST_005	Factual Accuracy	The Renaissance, a period of great cultural change and artistic endeavour, is generally considered to have begun in which country?	Italy	Italy	
FA_HIST_006	Factual Accuracy	What event in 1914 triggered the start of World War I?	Assassination of Archduke Franz Ferdinand	Assassination of Archduke Franz Ferdinand	
FA_HIST_007	Factual Accuracy	The ancient city of Babylon was located near which modern-day capital city?	Baghdad	Baghdad	
FA_HIST_008	Factual Accuracy	Who led the Soviet Union during World War II?	Joseph Stalin	Joseph Stalin|Stalin	
FA_HIST_009	Factual Accuracy	The fall of the Berlin Wall in 1989 symbolised the end of what global conflict?	The Cold War	The Cold War|Cold War	
FA_HIST_010	Factual Accuracy	The American Revolutionary War ended with the signing of which treaty in 1783?	Treaty of Paris	Treaty of Paris	
FA_HIST_011	Factual Accuracy	What was the name of the ship on which the Pilgrims sailed to North America in 1620?	The Mayflower	The Mayflower|Mayflower	
FA_HIST_012	Factual Accuracy	Which civilisation is credited with inventing the first known system of writing, cuneiform?	Sumerians	Sumerians	
FA_HIST_013	Factual Accuracy	The Act of Union that joined the Kingdom of Great Britain and the Kingdom of Ireland was signed in what year?	1800	\b1800\b	
FA_HIST_014	Factual Accuracy	The Opium Wars were fought between which two countries?	Britain and China	Britain and China|China and Britain	
FA_HIST_015	Factual Accuracy	Who was the reigning British monarch during the majority of the Victorian era?	Queen Victoria	Queen Victoria|Victoria	
FA_HIST_016	Factual Accuracy	The French Revolution began in what year?	1789	\b1789\b	
FA_HIST_017	Factual Accuracy	Which ancient wonder of the world was located in Alexandria, Egypt?	Lighthouse of Alexandria	Lighthouse of Alexandria	
FA_HIST_018	Factual Accuracy	The Industrial Revolution is generally considered to have started in which country?	Great Britain	Great Britain|Britain|UK	
FA_HIST_019	Factual Accuracy	Who was the leader of the Bolshevik Revolution in Russia in 1917?	Vladimir Lenin	Vladimir Lenin|Lenin	
FA_HIST_020	Factual Accuracy	Apartheid was a system of racial segregation enforced in which country?	South Africa	South Africa	
FA_HIST_021	Factual Accuracy	The Battle of Waterloo, which marked the final defeat of Napoleon, took place in what year?	1815	\b1815\b	
FA_HIST_022	Factual Accuracy	Which female pharaoh was the last active ruler of the Ptolemaic Kingdom of Egypt?	Cleopatra VII	Cleopatra	
FA_HIST_023	Factual Accuracy	The printing press, a key invention of the Renaissance, was invented by whom?	Johannes Gutenberg	Gutenberg	
FA_HIST_024	Factual Accuracy	In which city did the Montgomery Bus Boycott, a pivotal event in the US Civil Rights Movement, take place?	Montgomery, Alabama	Montgomery	
FA_HIST_025	Factual Accuracy	What was the name of the series of conflicts between Rome and Carthage?	Punic Wars	Punic Wars	
FA_HIST_026	Factual Accuracy	The Great Fire of London occurred in what year?	1666	\b1666\b	
FA_HIST_027	Factual Accuracy	Who was the first woman to fly solo across the Atlantic Ocean?	Amelia Earhart	Amelia Earhart	
FA_HIST_028	Factual Accuracy	The Hundred Years' War was fought between which two kingdoms?	England and France	England and France	
FA_HIST_029	Factual Accuracy	Which Roman general famously crossed the Rubicon river in 49 BC?	Julius Caesar	Julius Caesar	
FA_HIST_030	Factual Accuracy	The Spanish Armada was a fleet sent to invade England in what year?	1588	\b1588\b	
FA_GEO_001	Factual Accuracy	What is the capital city of Scotland?	Edinburgh	Edinburgh	
FA_GEO_002	Factual Accuracy	The River Thames flows through which capital city?	London	London	
FA_GEO_003	Factual Accuracy	What is the highest mountain in the United Kingdom?	Ben Nevis	Ben Nevis	
FA_GEO_004	Factual Accuracy	Which ocean lies to the west of the United Kingdom?	Atlantic Ocean	Atlantic Ocean|The Atlantic Ocean	
FA_GEO_005	Factual Accuracy	The Strait of Gibraltar separates the Iberian Peninsula from which continent?	Africa	Africa	
FA_GEO_006	Factual Accuracy	What is the longest river in the world?	The Nile	The Nile|Nile	
FA_GEO_007	Factual Accuracy	Mount Everest is located in which mountain range?	The Himalayas	The Himalayas|Himalayas	
FA_GEO_008	Factual Accuracy	What is the largest desert in the world?	The Antarctic Polar Desert	Antarctic Polar Desert|Antarctica	
FA_GEO_009	Factual Accuracy	Which country is known as the Land of the Rising Sun?	Japan	Japan	
FA_GEO_010	Factual Accuracy	What is the largest lake in the United Kingdom by surface area?	Loch Lomond	Loch Lomond	
FA_GEO_011	Factual Accuracy	What is the capital of Canada?	Ottawa	Ottawa	
FA_GEO_012	Factual Accuracy	The Panama Canal connects which two oceans?	Atlantic and Pacific	Atlantic and Pacific	
FA_GEO_013	Factual Accuracy	In which country would you find the ancient city of Petra?	Jordan	Jordan	
FA_GEO_014	Factual Accuracy	The county of Cornwall is located in which part of England?	South West	South West|South-West England	
FA_GEO_015	Factual Accuracy	Which sea separates the United Kingdom from mainland Europe?	The North Sea	The North Sea|North Sea	
FA_GEO_016	Factual Accuracy	What is the only continent to lie in all four hemispheres?	Africa	Africa	
FA_GEO_017	Factual Accuracy	The Giant's Causeway is a famous natural landmark in which part of the UK?	Northern Ireland	Northern Ireland	
FA_GEO_018	Factual Accuracy	What is the most populous city in the world?	Tokyo	Tokyo	
FA_GEO_019	Factual Accuracy	The Equator passes through which South American country?	Ecuador	Ecuador	
FA_GEO_020	Factual Accuracy	What is the smallest country in the world?	Vatican City	Vatican City	
FA_GEO_021	Factual Accuracy	What is the capital city of Wales?	Cardiff	Cardiff	
FA_GEO_022	Factual Accuracy	The Great Barrier Reef is located off the coast of which country?	Australia	Australia	
FA_GEO_023	Factual Accuracy	Which river is the longest in the UK?	River Severn	River Severn|Severn	
FA_GEO_024	Factual Accuracy	Lake Victoria is the largest lake by area on which continent?	Africa	Africa	
FA_GEO_025	Factual Accuracy	In which mountain range are the Alps located?	Europe	Europe	
FA_GEO_026	Factual Accuracy	What is the capital of Argentina?	Buenos Aires	Buenos Aires	
FA_GEO_027	Factual Accuracy	The Isle of Wight is an island located off which coast of England?	South	South|Southern	
FA_GEO_028	Factual Accuracy	Which desert is the largest hot desert in the world?	The Sahara	Sahara	
FA_GEO_029	Factual Accuracy	What is the name of the body of water that separates England from France?	The English Channel	English Channel	
FA_GEO_030	Factual Accuracy	What is the capital of the United States of America?	Washington, D.C.	Washington	
FA_BIO_001	Factual Accuracy	What is the powerhouse of the cell, responsible for generating most of the cell's supply of adenosine triphosphate (ATP)?	Mitochondrion	Mitochondrion|Mitochondria	
FA_BIO_002	Factual Accuracy	Photosynthesis is the process used by plants to convert light energy into what type of energy?	Chemical energy	Chemical energy	
FA_BIO_003	Factual Accuracy	What molecule carries the genetic instructions for the development, functioning, growth and reproduction of all known organisms and many viruses?	DNA	DNA|Deoxyribonucleic acid	
FA_BIO_004	Factual Accuracy	How many chambers are in the human heart?	Four	Four|4	
FA_BIO_005	Factual Accuracy	What is the scientific name for the process of cell division?	Mitosis	Mitosis	
FA_BIO_006	Factual Accuracy	Which part of the plant is primarily responsible for absorbing water and nutrients from the soil?	Roots	Roots	
FA_BIO_007	Factual Accuracy	What is the common name for the larynx?	Voice box	Voice box	
FA_BIO_008	Factual Accuracy	Charles Darwin is famous for his theory of evolution by what mechanism?	Natural selection	Natural selection	
FA_BIO_009	Factual Accuracy	What is the largest organ in the human body?	Skin	Skin	
FA_BIO_010	Factual Accuracy	What type of animal is a mammal?	Warm-blooded vertebrate	Warm-blooded vertebrate	
FA_BIO_011	Factual Accuracy	What substance gives plants their green colour?	Chlorophyll	Chlorophyll	
FA_BIO_012	Factual Accuracy	Which blood type is known as the universal donor?	O negative	O negative|O-	
FA_BIO_013	Factual Accuracy	What are the building blocks of proteins?	Amino acids	Amino acids	
FA_BIO_014	Factual Accuracy	What is the human body's primary source of energy?	Carbohydrates	Carbohydrates	
FA_BIO_015	Factual Accuracy	The study of fungi is known as what?	Mycology	Mycology	
FA_BIO_016	Factual Accuracy	Which bone in the human body is the longest?	Femur	Femur	
FA_BIO_017	Factual Accuracy	What is the name of the process by which bacteria reproduce?	Binary fission	Binary fission	
FA_BIO_018	Factual Accuracy	What is the main function of the kidneys?	Filter blood and produce urine	Filter blood|Produce urine	
FA_BIO_019	Factual Accuracy	What type of joint is the human shoulder?	Ball and socket joint	Ball and socket	
FA_BIO_020	Factual Accuracy	Gregor Mendel is known as the father of modern genetics for his work on which plants?	Pea plants	Pea plants|Peas	
FA_BIO_021	Factual Accuracy	What is the largest artery in the human body?	Aorta	Aorta	
FA_BIO_022	Factual Accuracy	Which part of the brain is responsible for balance and coordination?	Cerebellum	Cerebellum	
FA_BIO_023	Factual Accuracy	What is the process by which a caterpillar turns into a butterfly?	Metamorphosis	Metamorphosis	
FA_BIO_024	Factual Accuracy	Which gas do humans primarily exhale when breathing?	Carbon dioxide	Carbon dioxide|CO2	
FA_BIO_025	Factual Accuracy	What is the name for the small sacs in the lungs where gas exchange occurs?	Alveoli	Alveoli	
FA_BIO_026	Factual Accuracy	The human skeleton is composed of how many bones at birth?	Around 270	270	
FA_BIO_027	Factual Accuracy	What is the study of birds called?	Ornithology	Ornithology	
FA_BIO_028	Factual Accuracy	Which of the five senses is most closely linked to memory?	Smell	Smell	
FA_BIO_029	Factual Accuracy	What is the hardest substance in the human body?	Tooth enamel	Tooth enamel|Enamel	
FA_BIO_030	Factual Accuracy	What type of organism is a mushroom?	Fungus	Fungus|Fungi	
FA_CHEM_001	Factual Accuracy	What is the chemical symbol for the element gold?	Au	\bAu\b	
FA_CHEM_002	Factual Accuracy	What is the pH of pure water at room temperature?	7	\b7\b	
FA_CHEM_003	Factual Accuracy	What is the most abundant gas in the Earth's atmosphere?	Nitrogen	Nitrogen	
FA_CHEM_004	Factual Accuracy	What is the chemical formula for table salt?	NaCl	NaCl	
FA_CHEM_005	Factual Accuracy	Which element has the atomic number 1?	Hydrogen	Hydrogen	
FA_CHEM_006	Factual Accuracy	The process of a liquid turning into a gas is called what?	Evaporation	Evaporation|Vaporization	
FA_CHEM_007	Factual Accuracy	What two elements make up a water molecule?	Hydrogen and Oxygen	Hydrogen and Oxygen	
FA_CHEM_008	Factual Accuracy	What is the common name for the compound H2O2?	Hydrogen peroxide	Hydrogen peroxide	
FA_CHEM_009	Factual Accuracy	Bronze is an alloy primarily composed of copper and which other element?	Tin	Tin	
FA_CHEM_010	Factual Accuracy	Which noble gas is the lightest?	Helium	Helium	
FA_CHEM_011	Factual Accuracy	What is the process called when a solid turns directly into a gas?	Sublimation	Sublimation	
FA_CHEM_012	Factual Accuracy	In the periodic table, what is the symbol for potassium?	K	\bK\b	
FA_CHEM_013	Factual Accuracy	What type of chemical bond involves the sharing of electron pairs?	Covalent bond	Covalent	
FA_CHEM_014	Factual Accuracy	Acetic acid is the main component of what common household liquid, besides water?	Vinegar	Vinegar	
FA_CHEM_015	Factual Accuracy	Diamonds are a form of which element?	Carbon	Carbon	
FA_CHEM_016	Factual Accuracy	What is the name of the scale used to measure the hardness of a mineral?	Mohs scale	Mohs	
FA_CHEM_017	Factual Accuracy	What is the term for a substance that speeds up a chemical reaction without being consumed?	Catalyst	Catalyst	
FA_CHEM_018	Factual Accuracy	What is the state of matter of mercury at room temperature?	Liquid	Liquid	
FA_CHEM_019	Factual Accuracy	The nucleus of an atom contains which two particles?	Protons and neutrons	Protons and neutrons	
FA_CHEM_020	Factual Accuracy	The combustion of petrol is what type of reaction?	Exothermic	Exothermic	
FA_CHEM_021	Factual Accuracy	What element is represented by the chemical symbol Fe?	Iron	Iron	
FA_CHEM_022	Factual Accuracy	What is the primary element that makes up organic molecules?	Carbon	Carbon	
FA_CHEM_023	Factual Accuracy	Ozone is an allotrope of which element?	Oxygen	Oxygen	
FA_CHEM_024	Factual Accuracy	What is the chemical formula for methane?	CH4	CH4	
FA_CHEM_025	Factual Accuracy	What term describes a solution with a pH greater than 7?	Alkaline	Alkaline|Basic	
FA_CHEM_026	Factual Accuracy	Which is the most electronegative element?	Fluorine	Fluorine	
FA_CHEM_027	Factual Accuracy	What is the chemical symbol for silver?	Ag	\bAg\b	
FA_CHEM_028	Factual Accuracy	The process of splitting a heavy atomic nucleus is known as what?	Nuclear fission	Fission	
FA_CHEM_029	Factual Accuracy	What is the common name for solid carbon dioxide?	Dry ice	Dry ice	
FA_CHEM_030	Factual Accuracy	Which gas is produced during photosynthesis?	Oxygen	Oxygen	
FA_PHYS_001	Factual Accuracy	What is the unit of electrical resistance?	Ohm	Ohm	
FA_PHYS_002	Factual Accuracy	Sir Isaac Newton is famous for his three laws of what?	Motion	Motion	
FA_PHYS_003	Factual Accuracy	What is the speed of light in a vacuum, commonly denoted by 'c'?	299,792,458 meters per second	299,792,458|3\.00 x 10\^8	
FA_PHYS_004	Factual Accuracy	What force is responsible for keeping the planets in orbit around the Sun?	Gravity	Gravity	
FA_PHYS_005	Factual Accuracy	What is the standard unit of mass in the International System of Units (SI)?	Kilogram	Kilogram|kg	
FA_PHYS_006	Factual Accuracy	The tendency of an object to resist a change in its state of motion is called what?	Inertia	Inertia	
FA_PHYS_007	Factual Accuracy	What is the unit of frequency, equivalent to one cycle per second?	Hertz	Hertz|Hz	
FA_PHYS_008	Factual Accuracy	What type of energy is stored in an object due to its position in a gravitational field?	Potential energy	Potential energy	
FA_PHYS_009	Factual Accuracy	Albert Einstein's famous equation, E=mc², relates energy to mass and what other quantity?	The speed of light	The speed of light|Speed of light	
FA_PHYS_010	Factual Accuracy	What is the boiling point of water at standard atmospheric pressure in degrees Celsius?	100	\b100\b	
FA_PHYS_011	Factual Accuracy	Which colour has the longest wavelength in the visible spectrum?	Red	Red	
FA_PHYS_012	Factual Accuracy	What is the term for the flow of electric charge?	Electric current	Electric current|Current	
FA_PHYS_013	Factual Accuracy	Sound waves travel fastest through which state of matter?	Solid	Solid|Solids	
FA_PHYS_014	Factual Accuracy	Who is credited with the discovery of the electron?	J.J. Thomson	J\.J\. Thomson|Thomson	
FA_PHYS_015	Factual Accuracy	What is the common name for a device that converts mechanical energy into electrical energy?	Generator	Generator	
FA_PHYS_016	Factual Accuracy	What law states that for every action, there is an equal and opposite reaction?	Newton's Third Law of Motion	Newton's Third Law	
FA_PHYS_017	Factual Accuracy	The measure of a material's ability to transmit light is called what?	Transparency	Transparency	
FA_PHYS_018	Factual Accuracy	What is the standard unit of power, equivalent to one joule per second?	Watt	Watt|W	
FA_PHYS_019	Factual Accuracy	In a standard electrical outlet in the UK, what is the nominal voltage?	230 volts	230|230V	
FA_PHYS_020	Factual Accuracy	What phenomenon causes a rainbow?	Refraction and dispersion of light	Refraction|Dispersion	
FA_PHYS_021	Factual Accuracy	What is the unit used to measure electric current?	Ampere	Ampere|Amp|A	
FA_PHYS_022	Factual Accuracy	What type of simple machine is a doorknob?	Wheel and axle	Wheel and axle	
FA_PHYS_023	Factual Accuracy	What is the freezing point of water in degrees Celsius?	0	\b0\b	
FA_PHYS_024	Factual Accuracy	Which of Newton's laws is also known as the law of inertia?	First Law	First|1st	
FA_PHYS_025	Factual Accuracy	What is the term for a material that does not allow electricity to pass through it?	Insulator	Insulator	
FA_PHYS_026	Factual Accuracy	What form of heat transfer is responsible for the sun warming the earth?	Radiation	Radiation	
FA_PHYS_027	Factual Accuracy	What is the name of the particle that carries the strong nuclear force?	Gluon	Gluon	
FA_PHYS_028	Factual Accuracy	The decibel (dB) is a unit used to measure the intensity of what?	Sound	Sound	
FA_PHYS_029	Factual Accuracy	What is the term for the bending of light as it passes from one medium to another?	Refraction	Refraction	
FA_PHYS_030	Factual Accuracy	Which planet in our solar system is known for its prominent rings?	Saturn	Saturn	
LR_MATH_001	Procedural Reasoning	A baker has 12 dozen eggs. He uses 3 dozen for a large cake. How many individual eggs does he have left?	108	\b108\b	Step 1: Calculate total eggs. 12 dozen * 12 eggs/dozen = 144 eggs. Step 2: Calculate eggs used. 3 dozen * 12 eggs/dozen = 36 eggs. Step 3: Subtract used from total. 144 - 36 = 108 eggs left.
LR_MATH_002	Procedural Reasoning	A library has 25 shelves, and each shelf can hold 40 books. If 3 shelves are empty, how many books are in the library?	880	\b880\b	Step 1: Calculate the number of full shelves. 25 shelves - 3 empty shelves = 22 full shelves. Step 2: Calculate the total number of books. 22 shelves * 40 books/shelf = 880 books.
LR_MATH_003	Procedural Reasoning	John buys a toy for £8.50 and a chocolate bar for £1.25. He pays with a £20 note. How much change does he receive?	9.25	9\.25|£9\.25	Step 1: Calculate the total cost. £8.50 + £1.25 = £9.75. Step 2: Calculate the change. £20.00 - £9.75 = £9.25.
LR_MATH_004	Procedural Reasoning	A train journey from London to Manchester is 200 miles. If the train travels at an average speed of 80 mph, how many hours will the journey take?	2.5	2\.5	Step 1: Use the formula Time = Distance / Speed. Step 2: Calculate the time. 200 miles / 80 mph = 2.5 hours.
LR_MATH_005	Procedural Reasoning	Sarah has 3 bags of marbles. Each bag contains 15 red marbles and 10 blue marbles. How many marbles does she have in total?	75	\b75\b	Step 1: Calculate the number of marbles per bag. 15 red + 10 blue = 25 marbles. Step 2: Calculate the total number of marbles. 3 bags * 25 marbles/bag = 75 marbles.
LR_MATH_006	Procedural Reasoning	A farmer has 50 chickens. Each chicken lays 4 eggs a week. How many eggs will the farmer collect in 3 weeks?	600	\b600\b	Step 1: Calculate the number of eggs per week. 50 chickens * 4 eggs/chicken = 200 eggs per week. Step 2: Calculate the total eggs for 3 weeks. 200 eggs/week * 3 weeks = 600 eggs.
LR_MATH_007	Procedural Reasoning	A recipe calls for 250 grams of flour to make 12 biscuits. How many grams of flour are needed to make 30 biscuits?	625	\b625\b	Step 1: Calculate the flour needed per biscuit. 250 grams / 12 biscuits = 20.833 g/biscuit. Step 2: Calculate the total flour needed for 30 biscuits. 30 biscuits * 20.833 g/biscuit = 625 grams. Alternate method: (30/12) * 250 = 2.5 * 250 = 625.
LR_MATH_008	Procedural Reasoning	A car's petrol tank holds 60 litres. If it gets 10 miles per litre, how many miles can it travel on a full tank?	600	\b600\b	Step 1: Use the formula Distance = Fuel Capacity * Efficiency. Step 2: Calculate the total distance. 60 litres * 10 miles/litre = 600 miles.
LR_MATH_009	Procedural Reasoning	A school has 450 pupils. 2/5 of the pupils are boys. How many girls are there in the school?	270	\b270\b	Step 1: Calculate the number of boys. 450 pupils * (2/5) = 180 boys. Step 2: Calculate the number of girls by subtracting the boys from the total. 450 total pupils - 180 boys = 270 girls.
LR_MATH_010	Procedural Reasoning	A film starts at 18:45 and is 1 hour and 50 minutes long. What time does it finish?	20:35	20:35|8:35 PM	Step 1: Add the hours. 18:45 + 1 hour = 19:45. Step 2: Add the minutes. 19:45 + 50 minutes. 45 + 50 = 95 minutes. Step 3: Convert extra minutes to hours. 95 minutes = 1 hour and 35 minutes. Step 4: Add this to the time. 19:00 + 1 hour and 35 minutes = 20:35.
LR_MATH_011	Procedural Reasoning	A shopkeeper buys a box of 48 apples for £12. He sells them for 50 pence each. How much profit does he make?	12	\b12\b|£12	Step 1: Calculate total revenue. 48 apples * 50 pence/apple = 2400 pence. Step 2: Convert revenue to pounds. 2400 pence = £24. Step 3: Calculate the profit. £24 (revenue) - £12 (cost) = £12 profit.
LR_MATH_012	Procedural Reasoning	A rectangular garden is 15 metres long and 8 metres wide. What is its perimeter?	46	\b46\b	Step 1: Use the formula for the perimeter of a rectangle: P = 2 * (length + width). Step 2: Substitute the values. P = 2 * (15 + 8). Step 3: Calculate the result. P = 2 * 23 = 46 metres.
LR_MATH_013	Procedural Reasoning	If a pack of 6 pens costs £4.20, what is the cost of one pen in pence?	70	\b70\b	Step 1: Convert the total cost to pence. £4.20 = 420 pence. Step 2: Calculate the cost per pen. 420 pence / 6 pens = 70 pence.
LR_MATH_014	Procedural Reasoning	A bus travels 60 km in one hour. How many kilometres will it travel in 2.5 hours?	150	\b150\b	Step 1: Use the formula Distance = Speed * Time. Step 2: The speed is 60 km/h. The time is 2.5 hours. Step 3: Calculate the distance. 60 km/h * 2.5 h = 150 kilometres.
LR_MATH_015	Procedural Reasoning	There are 30 days in September. If it rains on 12 of those days, what percentage of days were not rainy?	60	60|60%	Step 1: Calculate the number of non-rainy days. 30 days - 12 rainy days = 18 non-rainy days. Step 2: Calculate the percentage. (18 non-rainy days / 30 total days) * 100 = 60%.
LR_MATH_016	Procedural Reasoning	A class has 28 pupils. 3/4 of the pupils passed their exam. How many pupils failed?	7	\b7\b	Step 1: The fraction of pupils who failed is 1 - 3/4 = 1/4. Step 2: Calculate the number of pupils who failed. 28 pupils * (1/4) = 7 pupils.
LR_MATH_017	Procedural Reasoning	A book has 320 pages. Tom has read 1/4 of the book on Monday and 1/2 of the remaining pages on Tuesday. How many pages are left to read?	120	\b120\b	Step 1: Pages read on Monday. 320 * (1/4) = 80 pages. Step 2: Remaining pages after Monday. 320 - 80 = 240 pages. Step 3: Pages read on Tuesday. 240 * (1/2) = 120 pages. Step 4: Pages left to read. 240 - 120 = 120 pages.
LR_MATH_018	Procedural Reasoning	A box contains 24 cans of fizzy drink. If a single can weighs 350 grams, what is the total weight of the cans in the box, in kilograms?	8.4	8\.4	Step 1: Calculate the total weight in grams. 24 cans * 350 grams/can = 8400 grams. Step 2: Convert grams to kilograms. 8400 grams / 1000 g/kg = 8.4 kilograms.
LR_MATH_019	Procedural Reasoning	A cyclist is travelling at 15 miles per hour. How many minutes will it take them to travel 5 miles?	20	\b20\b	Step 1: Calculate the time in hours. Time = Distance / Speed = 5 miles / 15 mph = 1/3 hours. Step 2: Convert hours to minutes. (1/3) hours * 60 minutes/hour = 20 minutes.
LR_MATH_020	Procedural Reasoning	A supermarket has 8 aisles. Each aisle has 2 sides, and each side has 10 shelves. How many shelves are there in total?	160	\b160\b	Step 1: Calculate shelves per aisle. 2 sides * 10 shelves/side = 20 shelves per aisle. Step 2: Calculate total shelves. 8 aisles * 20 shelves/aisle = 160 shelves.
LR_MATH_021	Procedural Reasoning	A phone's battery is at 20%. If it charges 10% every 5 minutes, how many minutes will it take to be fully charged?	40	\b40\b	Step 1: Calculate the percentage needed to charge. 100% - 20% = 80%. Step 2: Calculate the number of 10% increments needed. 80% / 10% = 8 increments. Step 3: Calculate the total time. 8 increments * 5 minutes/increment = 40 minutes.
LR_MATH_022	Procedural Reasoning	There are 5 red balls, 3 blue balls, and 2 green balls in a bag. What is the probability of picking a blue ball?	0.3	0\.3|3/10|30%	Step 1: Calculate the total number of balls. 5 + 3 + 2 = 10 balls. Step 2: Identify the number of favourable outcomes (blue balls), which is 3. Step 3: Calculate the probability. Probability = (Favourable Outcomes) / (Total Outcomes) = 3 / 10 = 0.3.
LR_MATH_023	Procedural Reasoning	A temperature of 25 degrees Celsius is how many degrees Fahrenheit? (Formula: F = C * 9/5 + 32)	77	\b77\b	Step 1: Substitute C=25 into the formula. F = 25 * (9/5) + 32. Step 2: Perform the multiplication. 25 * 1.8 = 45. Step 3: Perform the addition. 45 + 32 = 77.
LR_MATH_024	Procedural Reasoning	A piece of wood is 2.4 metres long. It is cut into 3 equal pieces. How long is each piece in centimetres?	80	\b80\b	Step 1: Convert the total length to centimetres. 2.4 metres * 100 cm/m = 240 cm. Step 2: Divide by the number of pieces. 240 cm / 3 = 80 cm.
LR_MATH_025	Procedural Reasoning	A shop offers a 20% discount on a TV that costs £500. What is the final price?	400	\b400\b|£400	Step 1: Calculate the discount amount. £500 * 20% = £100. Step 2: Subtract the discount from the original price. £500 - £100 = £400.
LR_MATH_026	Procedural Reasoning	In a class of 30 pupils, the ratio of boys to girls is 2:3. How many boys are there?	12	\b12\b	Step 1: Find the total number of parts in the ratio. 2 + 3 = 5 parts. Step 2: Calculate the value of one part. 30 pupils / 5 parts = 6 pupils per part. Step 3: Calculate the number of boys. 2 parts * 6 pupils/part = 12 boys.
LR_MATH_027	Procedural Reasoning	A tap fills a 100-litre bath in 10 minutes. What is the flow rate in litres per minute?	10	\b10\b	Step 1: Use the formula Flow Rate = Volume / Time. Step 2: Substitute the values. Flow Rate = 100 litres / 10 minutes. Step 3: Calculate the result. 10 litres per minute.
LR_MATH_028	Procedural Reasoning	A writer types at 60 words per minute. How many words can they type in 1.5 hours?	5400	\b5400\b	Step 1: Convert the time to minutes. 1.5 hours * 60 minutes/hour = 90 minutes. Step 2: Calculate the total words typed. 90 minutes * 60 words/minute = 5400 words.
LR_MATH_029	Procedural Reasoning	The sum of three consecutive even numbers is 42. What is the smallest of these numbers?	12	\b12\b	Step 1: Let the numbers be x, x+2, and x+4. Step 2: Set up the equation. x + (x+2) + (x+4) = 42. Step 3: Solve for x. 3x + 6 = 42. 3x = 36. x = 12. The smallest number is 12.
LR_MATH_030	Procedural Reasoning	A packet of crisps costs 80 pence. A multipack of 6 packets costs £3.60. How much do you save per packet by buying the multipack, in pence?	20	\b20\b	Step 1: Calculate the cost per packet in the multipack. £3.60 = 360 pence. 360 pence / 6 packets = 60 pence per packet. Step 2: Calculate the saving per packet. 80 pence - 60 pence = 20 pence.
LR_MATH_031	Procedural Reasoning	A car travels at 50 mph for 2 hours and then at 70 mph for 1 hour. What is the total distance travelled?	170	\b170\b	Step 1: Calculate the distance for the first part of the journey. 50 mph * 2 hours = 100 miles. Step 2: Calculate the distance for the second part. 70 mph * 1 hour = 70 miles. Step 3: Add the distances together. 100 miles + 70 miles = 170 miles.
LR_MATH_032	Procedural Reasoning	A square has an area of 64 square centimetres. What is the length of one of its sides?	8	\b8\b	Step 1: The area of a square is the side length squared (A = s^2). Step 2: To find the side length, take the square root of the area. s = sqrt(64). Step 3: The square root of 64 is 8. So the side length is 8 cm.
LR_MATH_033	Procedural Reasoning	If a company's profit was £1.2 million last year and increased by 15% this year, what is this year's profit?	1380000	1380000|1\.38 million|£1\.38m	Step 1: Calculate the profit increase. £1,200,000 * 15% = £180,000. Step 2: Add the increase to last year's profit. £1,200,000 + £180,000 = £1,380,000.
LR_MATH_034	Procedural Reasoning	A baker makes 180 loaves of bread. He sells 5/6 of them. How many loaves are left?	30	\b30\b	Step 1: Calculate the number of loaves sold. 180 loaves * (5/6) = 150 loaves sold. Step 2: Calculate the number of loaves left. 180 total loaves - 150 sold loaves = 30 loaves left.
LR_MATH_035	Procedural Reasoning	A work team of 5 people can complete a job in 8 days. How many days would it take a team of 4 people to complete the same job, assuming they work at the same rate?	10	\b10\b	Step 1: Calculate the total person-days required for the job. 5 people * 8 days = 40 person-days. Step 2: Calculate the time for the new team. 40 person-days / 4 people = 10 days.
LR_MATH_036	Procedural Reasoning	A concert ticket costs £60 plus a 10% booking fee. What is the total cost of the ticket?	66	\b66\b|£66	Step 1: Calculate the booking fee. £60 * 10% = £6. Step 2: Add the fee to the ticket price. £60 + £6 = £66.
LR_MATH_037	Procedural Reasoning	A runner completes a 10-kilometre race in 50 minutes. What was their average speed in kilometres per hour?	12	\b12\b	Step 1: Convert the time to hours. 50 minutes / 60 minutes/hour = 5/6 hours. Step 2: Use the formula Speed = Distance / Time. Speed = 10 km / (5/6) hours. Step 3: Calculate the result. Speed = 10 * (6/5) = 12 km/h.
LR_MATH_038	Procedural Reasoning	An angle is 30 degrees. What is the size of its complementary angle?	60	\b60\b	Step 1: Complementary angles add up to 90 degrees. Step 2: Subtract the given angle from 90. 90 degrees - 30 degrees = 60 degrees.
LR_MATH_039	Procedural Reasoning	A farmer plants 5 rows of trees. Each row has 12 apple trees and 8 pear trees. How many trees did he plant in total?	100	\b100\b	Step 1: Calculate the number of trees per row. 12 apple trees + 8 pear trees = 20 trees per row. Step 2: Calculate the total number of trees. 5 rows * 20 trees/row = 100 trees.
LR_MATH_040	Procedural Reasoning	A box of cereal costs £3. If a family eats 2 boxes a week, how much will they spend on cereal in a year (52 weeks)?	312	\b312\b|£312	Step 1: Calculate the weekly cost. £3/box * 2 boxes = £6 per week. Step 2: Calculate the annual cost. £6/week * 52 weeks = £312.
LR_MATH_041	Procedural Reasoning	What is 25% of 300?	75	\b75\b	Step 1: Convert the percentage to a decimal. 25% = 0.25. Step 2: Multiply the number by the decimal. 300 * 0.25 = 75.
LR_MATH_042	Procedural Reasoning	A map has a scale of 1:50,000. If two towns are 4 cm apart on the map, what is the real distance between them in kilometres?	2	\b2\b	Step 1: Calculate the real distance in cm. 4 cm * 50,000 = 200,000 cm. Step 2: Convert cm to metres. 200,000 cm / 100 cm/m = 2,000 m. Step 3: Convert metres to kilometres. 2,000 m / 1000 m/km = 2 km.
LR_MATH_043	Procedural Reasoning	A train has 8 carriages, and each carriage has 64 seats. If 450 people are on the train, how many empty seats are there?	62	\b62\b	Step 1: Calculate the total number of seats. 8 carriages * 64 seats/carriage = 512 seats. Step 2: Calculate the number of empty seats. 512 total seats - 450 people = 62 empty seats.
LR_MATH_044	Procedural Reasoning	A cube has a side length of 5 cm. What is its volume?	125	\b125\b	Step 1: The volume of a cube is side length cubed (V = s^3). Step 2: Calculate the volume. 5 * 5 * 5 = 125 cubic cm.
LR_MATH_045	Procedural Reasoning	A pizza is cut into 8 equal slices. If Mark eats 3 slices, what fraction of the pizza is left?	5/8	5/8	Step 1: The whole pizza is 8/8. Step 2: Subtract the eaten portion from the whole. 8/8 - 3/8 = 5/8. So, 5/8 of the pizza is left.
LR_MATH_046	Procedural Reasoning	A phone call costs 15 pence per minute. How much does a 12-minute call cost in pounds?	1.80	1\\.80|1\\.8|£1\\.80	Step 1: Calculate the total cost in pence. 15 pence/minute * 12 minutes = 180 pence. Step 2: Convert pence to pounds. 180 pence / 100 pence/£ = £1.80.
LR_MATH_047	Procedural Reasoning	A swimming pool is 25 metres long, 10 metres wide, and 2 metres deep. What is the volume of the pool in cubic metres?	500	\b500\b	Step 1: Use the formula for the volume of a rectangular prism: V = length * width * depth. Step 2: Substitute the values. V = 25 * 10 * 2. Step 3: Calculate the result. V = 500 cubic metres.
LR_MATH_048	Procedural Reasoning	If you save £50 a week, how many weeks will it take to save £1,200?	24	\b24\b	Step 1: Use the formula Time = Total Amount / Rate. Step 2: Substitute the values. Time = £1200 / £50 per week. Step 3: Calculate the result. 24 weeks.
LR_MATH_049	Procedural Reasoning	A circle has a radius of 7 cm. What is its area? (Use pi ≈ 3.14)	153.86	153\\.86	Step 1: Use the formula for the area of a circle: A = pi * r^2. Step 2: Substitute the values. A = 3.14 * (7^2). Step 3: Calculate the result. A = 3.14 * 49 = 153.86 square cm.
LR_MATH_050	Procedural Reasoning	A test has 50 questions. For every correct answer, you get 2 points. For every incorrect answer, you lose 1 point. If a student answers all questions and gets 35 correct, what is their final score?	55	\b55\b	Step 1: Calculate points from correct answers. 35 correct * 2 points/correct = 70 points. Step 2: Calculate the number of incorrect answers. 50 total - 35 correct = 15 incorrect. Step 3: Calculate points lost from incorrect answers. 15 incorrect * -1 point/incorrect = -15 points. Step 4: Calculate the final score. 70 - 15 = 55 points.
LR_MATH_051	Procedural Reasoning	A car's price is reduced from £25,000 to £22,000. What is the percentage discount?	12	12|12%	Step 1: Calculate the discount amount. £25,000 - £22,000 = £3,000. Step 2: Calculate the percentage discount. (£3,000 / £25,000) * 100 = 12%.
LR_MATH_052	Procedural Reasoning	The sum of two numbers is 30, and their difference is 6. What are the two numbers?	18 and 12	18 and 12|12 and 18	Step 1: Let the numbers be x and y. x + y = 30 and x - y = 6. Step 2: Add the two equations. 2x = 36, so x = 18. Step 3: Substitute x back into the first equation. 18 + y = 30, so y = 12. The numbers are 18 and 12.
LR_MATH_053	Procedural Reasoning	If it takes 3 painters 4 days to paint a house, how many days would it take 2 painters?	6	\b6\b	Step 1: Calculate the total painter-days required. 3 painters * 4 days = 12 painter-days. Step 2: Calculate the time for the new team. 12 painter-days / 2 painters = 6 days.
LR_MATH_054	Procedural Reasoning	A bag contains 20 apples. 1/4 are green and the rest are red. How many red apples are there?	15	\b15\b	Step 1: Calculate the number of green apples. 20 apples * (1/4) = 5 green apples. Step 2: Calculate the number of red apples. 20 total apples - 5 green apples = 15 red apples.
LR_MATH_055	Procedural Reasoning	A plant grows 2 cm every week. If it is 10 cm tall now, how tall will it be in 6 weeks?	22	\b22\b	Step 1: Calculate the total growth. 2 cm/week * 6 weeks = 12 cm. Step 2: Add the growth to the current height. 10 cm + 12 cm = 22 cm.
LR_MATH_056	Procedural Reasoning	A rectangle has a perimeter of 30 cm. If its length is 10 cm, what is its width?	5	\b5\b	Step 1: The formula for perimeter is P = 2l + 2w. We know P=30 and l=10. Step 2: Substitute the values. 30 = 2*10 + 2w. Step 3: Solve for w. 30 = 20 + 2w. 10 = 2w. w = 5 cm.
LR_MATH_057	Procedural Reasoning	What is the next number in the sequence: 3, 7, 11, 15, ...?	19	\b19\b	Step 1: Identify the pattern in the sequence. The difference between consecutive numbers is 4 (7-3=4, 11-7=4). Step 2: Add 4 to the last number to find the next one. 15 + 4 = 19.
LR_MATH_058	Procedural Reasoning	A meeting is scheduled for 1.5 hours. If it starts 15 minutes late, and finishes on time, how long was the actual meeting in minutes?	75	\b75\b	Step 1: Convert the scheduled time to minutes. 1.5 hours * 60 minutes/hour = 90 minutes. Step 2: Subtract the delay from the scheduled time. 90 minutes - 15 minutes = 75 minutes.
LR_MATH_059	Procedural Reasoning	A cake requires 200g of sugar for every 500g of flour. If you use 1 kg of flour, how much sugar do you need?	400	\b400\b	Step 1: Convert 1 kg of flour to grams. 1 kg = 1000g. Step 2: Find the ratio multiplier. 1000g / 500g = 2. Step 3: Multiply the sugar amount by the multiplier. 200g * 2 = 400g.
LR_MATH_060	Procedural Reasoning	A store sells T-shirts for £15 each. If you buy 3, you get a 10% discount on the total. How much do you pay for 3 T-shirts?	40.50	40\\.50|40\\.5|£40\\.50	Step 1: Calculate the full price for 3 T-shirts. 3 * £15 = £45. Step 2: Calculate the discount amount. £45 * 10% = £4.50. Step 3: Subtract the discount from the full price. £45 - £4.50 = £40.50.
LR_MATH_061	Procedural Reasoning	How many sides does a hexagon have?	6	\b6\b	A hexagon is a polygon with six sides and six angles. The name is derived from the Greek words 'hex' meaning six and 'gonia' meaning corner or angle.
LR_MATH_062	Procedural Reasoning	A flight departs at 09:00 and arrives at 14:30. How long is the flight in hours and minutes?	5 hours and 30 minutes	5 hours and 30 minutes	Step 1: Subtract the departure hour from the arrival hour. 14 - 9 = 5 hours. Step 2: Subtract the departure minutes from the arrival minutes. 30 - 0 = 30 minutes. Step 3: Combine the results. The duration is 5 hours and 30 minutes.
LR_MATH_063	Procedural Reasoning	There are 52 cards in a standard deck. What is the probability of drawing a King?	1/13	1/13	Step 1: A standard deck has 4 Kings. Step 2: The total number of cards is 52. Step 3: The probability is the number of Kings divided by the total number of cards, which is 4/52. Step 4: Simplify the fraction. 4/52 = 1/13.
LR_MATH_064	Procedural Reasoning	A school trip has 3 buses, each carrying 45 pupils. If there are 10 teachers on the trip in total, how many people are on the trip?	145	\b145\b	Step 1: Calculate the total number of pupils. 3 buses * 45 pupils/bus = 135 pupils. Step 2: Add the number of teachers. 135 pupils + 10 teachers = 145 people.
LR_MATH_065	Procedural Reasoning	A garden is in the shape of a right-angled triangle with base 10m and height 6m. What is the area?	30	\b30\b	Step 1: The formula for the area of a triangle is A = (1/2) * base * height. Step 2: Substitute the values. A = (1/2) * 10 * 6. Step 3: Calculate the result. A = 30 square metres.
LR_MATH_066	Procedural Reasoning	A company has 1,500 employees. 40% work in sales. How many employees do not work in sales?	900	\b900\b	Step 1: The percentage of employees not in sales is 100% - 40% = 60%. Step 2: Calculate the number of employees not in sales. 1500 * 60% = 900 employees.
LR_MATH_067	Procedural Reasoning	A barrel contains 120 litres of water. If 1/3 is used for gardening and 1/4 of the remainder is used for cleaning, how much water is left in litres?	60	\b60\b	Step 1: Calculate water used for gardening. 120 * (1/3) = 40 litres. Step 2: Calculate remaining water. 120 - 40 = 80 litres. Step 3: Calculate water used for cleaning. 80 * (1/4) = 20 litres. Step 4: Calculate water left. 80 - 20 = 60 litres.
LR_MATH_068	Procedural Reasoning	A box of 12 pencils costs £3.00. How much would 30 pencils cost?	7.50	7\\.50|7\\.5|£7\\.50	Step 1: Find the cost of one pencil. £3.00 / 12 = £0.25 per pencil. Step 2: Calculate the cost for 30 pencils. 30 * £0.25 = £7.50.
LR_MATH_069	Procedural Reasoning	If you roll a standard six-sided die, what is the probability of rolling an even number?	0.5	0\\.5|1/2|50%	Step 1: The possible outcomes are 1, 2, 3, 4, 5, 6 (6 total outcomes). Step 2: The even number outcomes are 2, 4, 6 (3 favourable outcomes). Step 3: The probability is (Favourable Outcomes) / (Total Outcomes) = 3 / 6 = 1/2 or 0.5.
LR_MATH_070	Procedural Reasoning	A recipe for 4 people requires 600g of potatoes. How many grams of potatoes are needed for 6 people?	900	\b900\b	Step 1: Calculate potatoes needed per person. 600g / 4 people = 150g per person. Step 2: Calculate total potatoes needed for 6 people. 6 people * 150g/person = 900g.
LR_MATH_071	Procedural Reasoning	An office has 25 desks. If 60% of them are occupied, how many desks are empty?	10	\b10\b	Step 1: The percentage of empty desks is 100% - 60% = 40%. Step 2: Calculate the number of empty desks. 25 desks * 40% = 10 desks.
LR_MATH_072	Procedural Reasoning	A car's value depreciates by 20% in its first year. If it was bought for £18,000, what is its value after one year?	14400	\b14400\b|£14,400	Step 1: Calculate the depreciation amount. £18,000 * 20% = £3,600. Step 2: Subtract the depreciation from the original value. £18,000 - £3,600 = £14,400.
LR_MATH_073	Procedural Reasoning	What are the prime factors of 30?	2, 3, and 5	2, 3, and 5	Step 1: Start dividing 30 by the smallest prime number, 2. 30 / 2 = 15. So 2 is a factor. Step 2: Now divide 15 by the next smallest prime number, 3. 15 / 3 = 5. So 3 is a factor. Step 3: 5 is a prime number. So the prime factors are 2, 3, and 5.
LR_MATH_074	Procedural Reasoning	A train ticket costs £45 for a single journey. A return ticket costs £70. How much do you save by buying a return ticket instead of two singles?	20	\b20\b|£20	Step 1: Calculate the cost of two single tickets. 2 * £45 = £90. Step 2: Calculate the saving. £90 - £70 = £20.
LR_MATH_075	Procedural Reasoning	A class of 24 pupils is divided into groups of 3. How many groups are there?	8	\b8\b	Step 1: Divide the total number of pupils by the group size. 24 pupils / 3 pupils per group = 8 groups.
LR_MATH_076	Procedural Reasoning	A phone plan costs £20 per month plus 10 pence per text. How much is the bill for a month with 50 texts?	25	\b25\b|£25	Step 1: Calculate the cost of the texts. 50 texts * 10 pence/text = 500 pence. Step 2: Convert the text cost to pounds. 500 pence = £5. Step 3: Add the monthly cost. £20 + £5 = £25.
LR_MATH_077	Procedural Reasoning	A square has a perimeter of 48 cm. What is its area?	144	\b144\b	Step 1: Calculate the length of one side. A square has 4 equal sides, so 48 cm / 4 = 12 cm per side. Step 2: Calculate the area. Area = side * side = 12 cm * 12 cm = 144 square cm.
LR_MATH_078	Procedural Reasoning	The average of four numbers is 15. If three of the numbers are 10, 12, and 18, what is the fourth number?	20	\b20\b	Step 1: Calculate the total sum of the four numbers. 15 (average) * 4 (count) = 60. Step 2: Calculate the sum of the three known numbers. 10 + 12 + 18 = 40. Step 3: Find the fourth number by subtracting the sum of the three from the total sum. 60 - 40 = 20.
LR_MATH_079	Procedural Reasoning	A baker uses 50g of yeast for every 2kg of flour. What is the ratio of yeast to flour in its simplest form?	1:40	1:40	Step 1: Convert all units to be the same (grams). 2kg = 2000g. Step 2: Write the ratio. 50g : 2000g. Step 3: Simplify the ratio by dividing both sides by the greatest common divisor, which is 50. 50/50 : 2000/50 = 1:40.
LR_MATH_080	Procedural Reasoning	A tank is 3/4 full. After using 100 litres of water, it is 1/2 full. What is the total capacity of the tank in litres?	400	\b400\b	Step 1: Calculate the fraction of the tank that was used. 3/4 - 1/2 = 3/4 - 2/4 = 1/4. Step 2: We know that 1/4 of the tank's capacity is equal to 100 litres. Step 3: Calculate the total capacity. If 1/4 is 100 litres, then the full capacity (4/4) is 4 * 100 = 400 litres.
LR_MATH_081	Procedural Reasoning	What is the area of a circle with a diameter of 20 cm? (Use pi ≈ 3.14)	314	\b314\b	Step 1: Calculate the radius from the diameter. Radius = Diameter / 2 = 20 cm / 2 = 10 cm. Step 2: Use the formula for the area of a circle: A = pi * r^2. Step 3: Substitute the values. A = 3.14 * (10^2) = 3.14 * 100 = 314 square cm.
LR_MATH_082	Procedural Reasoning	If a car travels 180 miles in 3 hours, what is its average speed in miles per hour?	60	\b60\b	Step 1: Use the formula Speed = Distance / Time. Step 2: Substitute the values. Speed = 180 miles / 3 hours. Step 3: Calculate the result. 60 miles per hour.
LR_MATH_083	Procedural Reasoning	A school has 600 pupils. 55% are girls. How many boys are there?	270	\b270\b	Step 1: Calculate the percentage of boys. 100% - 55% = 45%. Step 2: Calculate the number of boys. 600 pupils * 45% = 270 boys.
LR_MATH_084	Procedural Reasoning	A bag of flour weighs 1.5 kg. If 600g is used for a recipe, how many grams of flour are left?	900	\b900\b	Step 1: Convert the initial weight to grams. 1.5 kg = 1500g. Step 2: Subtract the amount used. 1500g - 600g = 900g.
LR_MATH_085	Procedural Reasoning	A TV is priced at £800. A shop offers a choice of a £100 discount or a 15% discount. Which is the better deal and by how much?	The 15% discount is better by £20	15% discount is better by £20	Step 1: The first deal is a £100 discount. Step 2: Calculate the second discount. £800 * 15% = £120. Step 3: Compare the discounts. £120 is greater than £100. Step 4: Calculate the difference. £120 - £100 = £20. The 15% discount is better by £20.
LR_MATH_086	Procedural Reasoning	There are 25 chocolates in a box. 8 are milk chocolate, 12 are dark chocolate, and the rest are white chocolate. What percentage are white chocolate?	20	20|20%	Step 1: Calculate the number of white chocolates. 25 - 8 - 12 = 5 white chocolates. Step 2: Calculate the percentage. (5 / 25) * 100 = 20%.
LR_MATH_087	Procedural Reasoning	A jug contains 2 litres of juice. If you pour out five 250ml glasses, how much juice is left in the jug in millilitres?	750	\b750\b	Step 1: Calculate the total juice poured out. 5 glasses * 250ml/glass = 1250ml. Step 2: Convert the initial volume to millilitres. 2 litres = 2000ml. Step 3: Calculate the remaining juice. 2000ml - 1250ml = 750ml.
LR_MATH_088	Procedural Reasoning	What is the greatest common divisor of 24 and 36?	12	\b12\b	Step 1: Find the factors of 24: 1, 2, 3, 4, 6, 8, 12, 24. Step 2: Find the factors of 36: 1, 2, 3, 4, 6, 9, 12, 18, 36. Step 3: Identify the common factors: 1, 2, 3, 4, 6, 12. Step 4: The greatest of these is 12.
LR_MATH_089	Procedural Reasoning	A company's stock price was £50. It went up by 10% on Monday and then down by 10% on Tuesday. What was the final price?	49.50	49\\.50|49\\.5|£49\\.50	Step 1: Calculate the price after Monday's increase. £50 * 1.10 = £55. Step 2: Calculate the price after Tuesday's decrease. £55 * 0.90 = £49.50.
LR_MATH_090	Procedural Reasoning	The sum of the angles in a triangle is how many degrees?	180	\b180\b	The sum of the interior angles of any triangle is always 180 degrees. This is a fundamental theorem of Euclidean geometry.
LR_MATH_091	Procedural Reasoning	A box of 8 cupcakes costs £12. A box of 12 cupcakes costs £15. Which is the better value for money?	The box of 12	box of 12	Step 1: Calculate the price per cupcake for the first box. £12 / 8 = £1.50 per cupcake. Step 2: Calculate the price per cupcake for the second box. £15 / 12 = £1.25 per cupcake. Step 3: Compare the prices. £1.25 is cheaper than £1.50, so the box of 12 is better value.
LR_MATH_092	Procedural Reasoning	A train is scheduled to arrive at 17:10. It is delayed by 45 minutes. What is the new arrival time?	17:55	17:55	Step 1: Add the delay to the scheduled arrival time. 17:10 + 45 minutes. Step 2: Add the minutes. 10 + 45 = 55 minutes. The new arrival time is 17:55.
LR_MATH_093	Procedural Reasoning	A library charges a late fee of 25 pence per day. If a book is 2 weeks late, how much is the fine in pounds?	3.50	3\\.50|3\\.5|£3\\.50	Step 1: Convert the late period to days. 2 weeks * 7 days/week = 14 days. Step 2: Calculate the total fine in pence. 14 days * 25 pence/day = 350 pence. Step 3: Convert the fine to pounds. 350 pence = £3.50.
LR_MATH_094	Procedural Reasoning	What is the next prime number after 19?	23	\b23\b	A prime number is a number greater than 1 that has no positive divisors other than 1 and itself. The number 20 is divisible by 2, 21 by 3, 22 by 2. The number 23 is only divisible by 1 and 23, so it is the next prime number.
LR_MATH_095	Procedural Reasoning	A recipe needs 3 eggs to make 12 muffins. How many eggs are needed to make 20 muffins?	5	\b5\b	Step 1: Find how many muffins one egg makes. 12 muffins / 3 eggs = 4 muffins per egg. Step 2: Calculate how many eggs are needed for 20 muffins. 20 muffins / 4 muffins per egg = 5 eggs.
LR_MATH_096	Procedural Reasoning	An equilateral triangle has a perimeter of 24 cm. What is the length of one side?	8	\b8\b	An equilateral triangle has three equal sides. To find the length of one side, divide the perimeter by 3. 24 cm / 3 = 8 cm.
LR_MATH_097	Procedural Reasoning	A job is advertised with a salary of £60,000 per year. What is the monthly salary?	5000	\b5000\b|£5,000	There are 12 months in a year. To find the monthly salary, divide the annual salary by 12. £60,000 / 12 = £5,000.
LR_MATH_098	Procedural Reasoning	A bottle of water costs £0.80. A pack of 6 costs £4.50. How much cheaper is each bottle when bought in a pack?	0.05	0\\.05|5 pence|£0\\.05	Step 1: Calculate the price per bottle in the pack. £4.50 / 6 = £0.75 per bottle. Step 2: Calculate the difference in price. £0.80 - £0.75 = £0.05, or 5 pence.
LR_MATH_099	Procedural Reasoning	There are 1,000 metres in a kilometre. How many metres are there in 3.5 kilometres?	3500	\b3500\b	To convert kilometres to metres, you multiply by 1,000. 3.5 km * 1000 m/km = 3500 metres.
LR_MATH_100	Procedural Reasoning	A film rental costs £4 for 3 nights. If you keep it for a week (7 nights), and each extra night costs £1.50, what is the total cost?	10.00	10\\.00|\\b10\\b|£10	Step 1: Calculate the number of extra nights. 7 nights - 3 nights = 4 extra nights. Step 2: Calculate the cost of the extra nights. 4 * £1.50 = £6.00. Step 3: Calculate the total cost. £4.00 (initial cost) + £6.00 (extra cost) = £10.00.
LR_MATH_101	Procedural Reasoning	A garden hose fills a 200-litre water butt in 40 minutes. What is the flow rate in litres per minute?	5	\b5\b	Flow rate is volume divided by time. 200 litres / 40 minutes = 5 litres per minute.
LR_MATH_102	Procedural Reasoning	Three friends share a pizza. Tom eats 1/3, Jane eats 1/4. What fraction of the pizza is left for Chris?	5/12	5/12	Step 1: Find a common denominator for 3 and 4, which is 12. Tom eats 4/12 and Jane eats 3/12. Step 2: Calculate the total eaten. 4/12 + 3/12 = 7/12. Step 3: Subtract the eaten part from the whole (12/12). 12/12 - 7/12 = 5/12.
LR_MATH_103	Procedural Reasoning	A book costs £15. It is on sale with a 30% discount. What is the sale price?	10.50	10\\.50|10\\.5|£10\\.50	Step 1: Calculate the discount amount. £15 * 30% = £4.50. Step 2: Subtract the discount from the original price. £15 - £4.50 = £10.50.
LR_MATH_104	Procedural Reasoning	A car travels 300 kilometres on 25 litres of petrol. How many kilometres per litre does the car get?	12	\b12\b	To find the efficiency, divide the distance by the fuel used. 300 kilometres / 25 litres = 12 kilometres per litre.
LR_MATH_105	Procedural Reasoning	If an investment of £2,000 earns 5% simple interest per year, how much interest is earned in 3 years?	300	\b300\b|£300	Step 1: Calculate the interest per year. £2,000 * 5% = £100 per year. Step 2: Calculate the total interest for 3 years. £100 * 3 = £300.
LR_MATH_106	Procedural Reasoning	A room measures 4 metres by 5 metres. What is the area of the floor in square metres?	20	\b20\b	The area of a rectangle is length times width. 4 metres * 5 metres = 20 square metres.
LR_MATH_107	Procedural Reasoning	A box contains 60 sweets. 1/3 are red, 1/4 are green, and the rest are yellow. How many yellow sweets are there?	25	\b25\b	Step 1: Calculate the number of red sweets. 60 * (1/3) = 20. Step 2: Calculate the number of green sweets. 60 * (1/4) = 15. Step 3: Calculate the number of yellow sweets. 60 - 20 - 15 = 25.
LR_MATH_108	Procedural Reasoning	What is 15% of 200?	30	\b30\b	To calculate the percentage, multiply the number by the percentage as a decimal. 200 * 0.15 = 30.
LR_MATH_109	Procedural Reasoning	If you cycle at 12 km/h for 2.5 hours, how far have you cycled?	30	\b30\b	Distance is speed multiplied by time. 12 km/h * 2.5 hours = 30 km.
LR_MATH_110	Procedural Reasoning	A packet of biscuits contains 20 biscuits. A family eats 4 biscuits a day. How many days will the packet last?	5	\b5\b	To find how long it will last, divide the total number of biscuits by the number eaten per day. 20 biscuits / 4 biscuits per day = 5 days.
LR_MATH_111	Procedural Reasoning	A meal for two people costs £40. They want to leave a 10% tip. How much is the tip?	4	\b4\b|£4	To calculate the tip, multiply the cost by the percentage. £40 * 10% = £4.
LR_MATH_112	Procedural Reasoning	The temperature drops from 8 degrees Celsius to -3 degrees Celsius. How many degrees did it fall?	11	\b11\b	The total fall is the difference between the starting and ending temperatures. 8 - (-3) = 8 + 3 = 11 degrees.
LR_MATH_113	Procedural Reasoning	A work shift is 8 hours long, including a 45-minute unpaid break. How many minutes do you get paid for?	435	\b435\b	Step 1: Convert the total shift time to minutes. 8 hours * 60 minutes/hour = 480 minutes. Step 2: Subtract the unpaid break time. 480 minutes - 45 minutes = 435 minutes.
LR_MATH_114	Procedural Reasoning	A pack of 4 batteries costs £2.80. What is the cost per battery?	0.70	0\\.70|0\\.7|70p	To find the cost per battery, divide the total cost by the number of batteries. £2.80 / 4 = £0.70, or 70 pence.
LR_MATH_115	Procedural Reasoning	A square has a perimeter of 100 cm. What is its area?	625	\b625\b	Step 1: Find the length of one side. 100 cm / 4 = 25 cm. Step 2: Calculate the area. Area = side * side = 25 cm * 25 cm = 625 square cm.
LR_MATH_116	Procedural Reasoning	A recipe requires 300ml of milk. If you only have a 1-litre carton, what percentage of the milk will you use?	30	30|30%	Step 1: Convert the carton size to ml. 1 litre = 1000ml. Step 2: Calculate the percentage used. (300ml / 1000ml) * 100 = 30%.
LR_MATH_117	Procedural Reasoning	There are 7 days in a week. How many full weeks are there in a year of 365 days?	52	\b52\b	To find the number of weeks, divide the total days by 7. 365 / 7 = 52 with a remainder of 1. So there are 52 full weeks.
LR_MATH_118	Procedural Reasoning	If you score 18 out of 20 on a test, what is your score as a percentage?	90	90|90%	To find the percentage, divide your score by the total and multiply by 100. (18 / 20) * 100 = 0.9 * 100 = 90%.
LR_MATH_119	Procedural Reasoning	A bag contains only red and blue marbles. The ratio of red to blue is 3:5. If there are 15 red marbles, how many blue marbles are there?	25	\b25\b	Step 1: Find the multiplier for the ratio. 15 red marbles / 3 parts = 5. Step 2: Apply the multiplier to the blue marbles part of the ratio. 5 parts * 5 = 25 blue marbles.
LR_MATH_120	Procedural Reasoning	A train journey takes 4 hours and 15 minutes. If it arrives at 13:00, what time did it depart?	08:45	08:45|8:45 AM	Step 1: Subtract the hours from the arrival time. 13:00 - 4 hours = 09:00. Step 2: Subtract the minutes from the result. 09:00 - 15 minutes = 08:45.
LR_MATH_121	Procedural Reasoning	A piece of string is 5 metres long. You cut off 80 centimetres. How much string is left in metres?	4.2	4\\.2	Step 1: Convert centimetres to metres. 80 cm = 0.8 m. Step 2: Subtract the cut length from the total length. 5 m - 0.8 m = 4.2 metres.
LR_MATH_122	Procedural Reasoning	A company has a budget of £10,000. It spends £4,500 on salaries and £2,000 on rent. What percentage of the budget is left?	35	35|35%	Step 1: Calculate total spending. £4,500 + £2,000 = £6,500. Step 2: Calculate the remaining budget. £10,000 - £6,500 = £3,500. Step 3: Calculate the remaining percentage. (£3,500 / £10,000) * 100 = 35%.
LR_MATH_123	Procedural Reasoning	The sum of the ages of a mother and daughter is 50. The mother is 24 years older than the daughter. How old is the daughter?	13	\b13\b	Step 1: Let the daughter's age be 'd'. The mother's age is 'd + 24'. Step 2: Set up the equation. d + (d + 24) = 50. Step 3: Solve for d. 2d + 24 = 50. 2d = 26. d = 13. The daughter is 13 years old.
LR_MATH_124	Procedural Reasoning	A car park charges £2 for the first hour and £1.50 for each additional hour. How much does it cost to park for 4 hours?	6.50	6\\.50|6\\.5|£6\\.50	Step 1: The first hour costs £2. Step 2: There are 3 additional hours. Step 3: Calculate the cost of additional hours. 3 * £1.50 = £4.50. Step 4: Calculate the total cost. £2 + £4.50 = £6.50.
LR_MATH_125	Procedural Reasoning	What is the average of the numbers 10, 20, 30, and 40?	25	\b25\b	Step 1: Sum the numbers. 10 + 20 + 30 + 40 = 100. Step 2: Divide the sum by the count of the numbers. 100 / 4 = 25.
LR_MATH_126	Procedural Reasoning	A shop sells 120 newspapers a day. 65% are sold in the morning. How many newspapers are sold in the afternoon?	42	\b42\b	Step 1: Calculate the percentage sold in the afternoon. 100% - 65% = 35%. Step 2: Calculate the number of newspapers sold in the afternoon. 120 * 35% = 42.
LR_MATH_127	Procedural Reasoning	A tank can hold 5000 litres of oil. If it is 85% full, how many litres of oil are in the tank?	4250	\b4250\b	To find the amount of oil, multiply the total capacity by the percentage full. 5000 litres * 85% = 4250 litres.
LR_MATH_128	Procedural Reasoning	A runner's average speed is 8 mph. How long will it take them to run a marathon of 26 miles?	3.25 hours	3\\.25	Time equals distance divided by speed. 26 miles / 8 mph = 3.25 hours.
LR_MATH_129	Procedural Reasoning	If an item costs £40 and the price is increased by 5%, what is the new price?	42	\b42\b|£42	Step 1: Calculate the price increase. £40 * 5% = £2. Step 2: Add the increase to the original price. £40 + £2 = £42.
LR_MATH_130	Procedural Reasoning	A rectangle's length is twice its width. If the width is 6 cm, what is the area of the rectangle?	72	\b72\b	Step 1: Calculate the length. 6 cm (width) * 2 = 12 cm. Step 2: Calculate the area. Area = length * width = 12 cm * 6 cm = 72 square cm.
LR_MATH_131	Procedural Reasoning	You have a 5-litre jug and a 3-litre jug. How can you measure exactly 4 litres of water?	Fill 5L, pour into 3L, empty 3L, pour remaining 2L from 5L into 3L, fill 5L, pour from 5L to fill 3L	4 litres	1. Fill the 5-litre jug. 2. Pour from the 5L jug to fill the 3L jug. You now have 2L in the 5L jug. 3. Empty the 3L jug. 4. Pour the 2L from the 5L jug into the 3L jug. 5. Fill the 5L jug again. 6. Pour from the 5L jug to fill the 3L jug (which already has 2L in it), this will use 1L. 7. The 5L jug now contains exactly 4 litres.
LR_MATH_132	Procedural Reasoning	A cinema has 20 rows of seats. Each row has 25 seats. If 420 seats are sold for a film, how many are empty?	80	\b80\b	Step 1: Calculate the total number of seats. 20 rows * 25 seats/row = 500 seats. Step 2: Calculate the number of empty seats. 500 total seats - 420 sold seats = 80 empty seats.
LR_MATH_133	Procedural Reasoning	What is the simple interest on £500 at a rate of 4% per annum for 5 years?	100	\b100\b|£100	Simple interest is calculated as Principal * Rate * Time. £500 * 4% * 5 years = £500 * 0.04 * 5 = £100.
LR_MATH_134	Procedural Reasoning	If a dozen eggs cost £2.40, how much does one egg cost?	0.20	0\\.20|20p|£0\\.20	A dozen is 12. To find the cost of one egg, divide the total cost by 12. £2.40 / 12 = £0.20, or 20 pence.
LR_MATH_135	Procedural Reasoning	A recipe needs 150g of butter. If you are making a double batch, how many grams of butter do you need?	300	\b300\b	To make a double batch, you need twice the amount of each ingredient. 150g * 2 = 300g.
LR_MATH_136	Procedural Reasoning	The sum of the angles in a quadrilateral is how many degrees?	360	\b360\b	The sum of the interior angles of any simple quadrilateral is 360 degrees. This can be shown by dividing the quadrilateral into two triangles, each of which has angles summing to 180 degrees.
LR_MATH_137	Procedural Reasoning	A train travels at 120 km/h. How far does it travel in 20 minutes?	40	\b40\b	Step 1: Convert time to hours. 20 minutes is 1/3 of an hour. Step 2: Calculate distance. Distance = Speed * Time = 120 km/h * (1/3) h = 40 km.
LR_MATH_138	Procedural Reasoning	A shop's weekly profit is £5,200. What is its average daily profit?	742.86	742\\.86	To find the average daily profit, divide the weekly profit by 7. £5200 / 7 = £742.857... which rounds to £742.86.
LR_MATH_139	Procedural Reasoning	If a shirt is discounted by 25% to a sale price of £30, what was its original price?	40	\b40\b|£40	Step 1: The sale price represents 100% - 25% = 75% of the original price. Step 2: If £30 is 75%, then 1% is £30 / 75 = £0.40. Step 3: The original price (100%) is 100 * £0.40 = £40.
LR_MATH_140	Procedural Reasoning	A box of tiles contains 20 tiles. Each tile is a square with a side of 10 cm. What is the total area the tiles can cover in square metres?	0.2	0\\.2	Step 1: Calculate the area of one tile in square cm. 10 cm * 10 cm = 100 sq cm. Step 2: Calculate the total area in square cm. 20 tiles * 100 sq cm/tile = 2000 sq cm. Step 3: Convert square cm to square metres (10,000 sq cm = 1 sq m). 2000 / 10000 = 0.2 square metres.
LR_MATH_141	Procedural Reasoning	A cyclist's average speed is 18 km/h. How many metres do they travel per minute?	300	\b300\b	Step 1: Convert speed to metres per hour. 18 km/h = 18,000 m/h. Step 2: Convert speed to metres per minute. 18,000 m/h / 60 min/h = 300 metres per minute.
LR_MATH_142	Procedural Reasoning	A bag contains 50 balls. 30% are red, 20% are blue, and the rest are green. How many green balls are there?	25	\b25\b	Step 1: Calculate the percentage of green balls. 100% - 30% - 20% = 50%. Step 2: Calculate the number of green balls. 50 balls * 50% = 25 green balls.
LR_MATH_143	Procedural Reasoning	A phone costs £600. You pay a 25% deposit. How much is the remaining balance?	450	\b450\b|£450	Step 1: The remaining balance is 100% - 25% = 75% of the cost. Step 2: Calculate the remaining balance. £600 * 75% = £450.
LR_MATH_144	Procedural Reasoning	If it is 16:00 in London (GMT), what time is it in New York (GMT-5)?	11:00	11:00|11 AM	New York is 5 hours behind London. To find the time, subtract 5 hours from London time. 16:00 - 5 hours = 11:00.
LR_MATH_145	Procedural Reasoning	A book has an ISBN number. What does the acronym ISBN stand for?	International Standard Book Number	International Standard Book Number	ISBN stands for International Standard Book Number. It is a unique numeric commercial book identifier.
LR_MATH_146	Procedural Reasoning	A bill for a meal is £72. Three friends agree to split it equally. How much does each person pay?	24	\b24\b|£24	To split the bill equally, divide the total cost by the number of people. £72 / 3 = £24.
LR_MATH_147	Procedural Reasoning	A car uses 8 litres of petrol per 100 kilometres. How many litres will it use on a 350-kilometre journey?	28	\b28\b	Step 1: Find the multiplier for the distance. 350 km / 100 km = 3.5. Step 2: Multiply the fuel consumption by this multiplier. 8 litres * 3.5 = 28 litres.
LR_MATH_148	Procedural Reasoning	A test starts at 10:30 and lasts for 75 minutes. At what time does it end?	11:45	11:45	75 minutes is 1 hour and 15 minutes. Add this to the start time. 10:30 + 1 hour = 11:30. 11:30 + 15 minutes = 11:45.
LR_MATH_149	Procedural Reasoning	A cube has a volume of 27 cubic cm. What is the length of one side?	3	\b3\b	The volume of a cube is the side length cubed. To find the side length, take the cube root of the volume. The cube root of 27 is 3. So the side is 3 cm.
LR_MATH_150	Procedural Reasoning	In a group of 80 people, 48 have brown hair. What percentage of the group does not have brown hair?	40	40|40%	Step 1: Find the number of people who do not have brown hair. 80 - 48 = 32. Step 2: Calculate the percentage. (32 / 80) * 100 = 40%.
LR_MATH_151	Procedural Reasoning	A company produces 500 widgets per day. How many widgets will it produce in a 5-day work week?	2500	\b2500\b	To find the total production, multiply the daily production by the number of days. 500 widgets/day * 5 days = 2500 widgets.
LR_MATH_152	Procedural Reasoning	If a map scale is 1cm to 5km, how many cm on the map represents a real distance of 35km?	7	\b7\b	To find the map distance, divide the real distance by the scale factor. 35 km / 5 km per cm = 7 cm.
LR_MATH_153	Procedural Reasoning	A library has 12,000 books. 1/5 are fiction. Of the remaining books, 1/4 are history books. How many history books are there?	2400	\b2400\b	Step 1: Calculate the number of fiction books. 12,000 * (1/5) = 2,400. Step 2: Calculate the remaining non-fiction books. 12,000 - 2,400 = 9,600. Step 3: Calculate the number of history books. 9,600 * (1/4) = 2,400.
LR_MATH_154	Procedural Reasoning	A recipe needs 2 cups of flour for every 1 cup of sugar. If you use 3 cups of sugar, how many cups of flour do you need?	6	\b6\b	The ratio of flour to sugar is 2:1. If you use 3 cups of sugar, you need to multiply the flour amount by 3. 2 cups of flour * 3 = 6 cups of flour.
LR_MATH_155	Procedural Reasoning	A worker earns £12 per hour. How much do they earn in an 8-hour day?	96	\b96\b|£96	To find the total earnings, multiply the hourly rate by the number of hours worked. £12/hour * 8 hours = £96.
LR_MATH_156	Procedural Reasoning	A water tank is 50% full. If 200 litres are added, it becomes 75% full. What is the total capacity of the tank?	800	\b800\b	Step 1: The 200 litres added represents a 75% - 50% = 25% increase in fullness. Step 2: If 25% (or 1/4) of the tank is 200 litres, the total capacity is 4 * 200 = 800 litres.
LR_MATH_157	Procedural Reasoning	A shirt costs £25. The shop adds a 20% VAT. What is the final price for the customer?	30	\b30\b|£30	Step 1: Calculate the VAT amount. £25 * 20% = £5. Step 2: Add the VAT to the original price. £25 + £5 = £30.
LR_MATH_158	Procedural Reasoning	If you walk 1.5 km in 20 minutes, what is your speed in km/h?	4.5	4\\.5	Step 1: There are three 20-minute periods in an hour. Step 2: To find your speed per hour, multiply the distance walked by 3. 1.5 km * 3 = 4.5 km/h.
LR_MATH_159	Procedural Reasoning	The product of two numbers is 48 and their sum is 14. What are the two numbers?	6 and 8	6 and 8|8 and 6	We need two numbers that multiply to 48 and add to 14. The pairs of factors for 48 are (1,48), (2,24), (3,16), (4,12), and (6,8). The pair that sums to 14 is 6 and 8.
LR_MATH_160	Procedural Reasoning	A train leaves at 22:30 on Monday and arrives at 05:45 on Tuesday. What is the duration of the journey?	7 hours and 15 minutes	7 hours and 15 minutes	Step 1: Calculate the time from 22:30 to midnight. This is 1 hour and 30 minutes. Step 2: Add the time from midnight to 05:45. This is 5 hours and 45 minutes. Step 3: Sum the two durations. 1h 30m + 5h 45m = 6h 75m, which is 7 hours and 15 minutes.
LR_MATH_161	Procedural Reasoning	What is the area of a triangle with a base of 12 cm and a height of 8 cm?	48	\b48\b	The area of a triangle is (1/2) * base * height. (1/2) * 12 cm * 8 cm = 48 square cm.
LR_MATH_162	Procedural Reasoning	A company's shares are worth £1.50 each. If you buy 500 shares, how much do you pay?	750	\b750\b|£750	To find the total cost, multiply the number of shares by the price per share. 500 * £1.50 = £750.
LR_MATH_163	Procedural Reasoning	In a survey of 200 people, 120 said they prefer tea over coffee. What percentage of people prefer tea?	60	60|60%	To find the percentage, divide the number of tea drinkers by the total number of people and multiply by 100. (120 / 200) * 100 = 0.6 * 100 = 60%.
LR_MATH_164	Procedural Reasoning	A car travels 30 miles on one gallon of petrol. How many gallons are needed for a 210-mile trip?	7	\b7\b	To find the gallons needed, divide the total distance by the car's efficiency. 210 miles / 30 miles per gallon = 7 gallons.
LR_MATH_165	Procedural Reasoning	A rectangle has an area of 96 square cm. If its width is 8 cm, what is its length?	12	\b12\b	The area of a rectangle is length times width. To find the length, divide the area by the width. 96 sq cm / 8 cm = 12 cm.
LR_MATH_166	Procedural Reasoning	If 5 miles is approximately 8 kilometres, how many kilometres is 30 miles?	48	\b48\b	Step 1: Find the multiplier. 30 miles / 5 miles = 6. Step 2: Multiply the kilometre equivalent by the multiplier. 8 km * 6 = 48 km.
LR_MATH_167	Procedural Reasoning	A pack of 500 sheets of paper is 5 cm thick. What is the thickness of a single sheet of paper in millimetres?	0.1	0\\.1	Step 1: Calculate the thickness of one sheet in cm. 5 cm / 500 sheets = 0.01 cm. Step 2: Convert cm to mm. 0.01 cm * 10 mm/cm = 0.1 mm.
LR_MATH_168	Procedural Reasoning	A baker can make 4 cakes in an hour. How many hours will it take to make 18 cakes?	4.5	4\\.5	To find the time needed, divide the total number of cakes by the rate of production. 18 cakes / 4 cakes per hour = 4.5 hours.
LR_MATH_169	Procedural Reasoning	A television originally priced at £400 is sold for £320. What was the percentage discount?	20	20|20%	Step 1: Find the discount amount. £400 - £320 = £80. Step 2: Calculate the percentage discount. (£80 / £400) * 100 = 20%.
LR_MATH_170	Procedural Reasoning	What is the smallest number that is divisible by 2, 3, and 5?	30	\b30\b	This is the lowest common multiple (LCM) of 2, 3, and 5. Since they are all prime numbers, their LCM is their product. 2 * 3 * 5 = 30.
LR_MATH_171	Procedural Reasoning	A farmer has 180 sheep. The ratio of male to female sheep is 1:5. How many male sheep are there?	30	\b30\b	Step 1: The total number of parts in the ratio is 1 + 5 = 6. Step 2: Find the value of one part. 180 sheep / 6 parts = 30 sheep per part. Step 3: There is 1 part male sheep, so there are 30 male sheep.
LR_MATH_172	Procedural Reasoning	A phone has 64GB of storage. If 48GB is used, what percentage of storage is free?	25	25|25%	Step 1: Find the amount of free storage. 64GB - 48GB = 16GB. Step 2: Calculate the percentage free. (16GB / 64GB) * 100 = 25%.
LR_MATH_173	Procedural Reasoning	A box of 6 eggs costs £1.50. A box of 12 eggs costs £2.40. How much cheaper per egg is the larger box?	0.05	0\\.05|5p|£0\\.05	Step 1: Price per egg in the small box. £1.50 / 6 = £0.25. Step 2: Price per egg in the large box. £2.40 / 12 = £0.20. Step 3: Find the difference. £0.25 - £0.20 = £0.05, or 5 pence.
LR_MATH_174	Procedural Reasoning	A car is travelling at 90 km/h. How many metres does it travel in one second?	25	\b25\b	Step 1: Convert km/h to m/h. 90 km/h = 90,000 m/h. Step 2: Convert m/h to m/s. 90,000 m/h / 3600 s/h = 25 metres per second.
LR_MATH_175	Procedural Reasoning	What is the perimeter of a regular octagon with a side length of 6 cm?	48	\b48\b	A regular octagon has 8 equal sides. The perimeter is the side length multiplied by the number of sides. 6 cm * 8 = 48 cm.
LR_MATH_176	Procedural Reasoning	A book has 400 pages. On Monday you read 10% of the book. On Tuesday you read 25% of the remaining pages. How many pages have you read in total?	130	\b130\b	Step 1: Pages read on Monday. 400 * 10% = 40 pages. Step 2: Remaining pages. 400 - 40 = 360 pages. Step 3: Pages read on Tuesday. 360 * 25% = 90 pages. Step 4: Total pages read. 40 + 90 = 130 pages.
LR_MATH_177	Procedural Reasoning	A restaurant bill is £50. You add a 12.5% service charge. What is the total bill?	56.25	56\\.25|£56\\.25	Step 1: Calculate the service charge amount. £50 * 12.5% = £6.25. Step 2: Add the service charge to the bill. £50 + £6.25 = £56.25.
LR_MATH_178	Procedural Reasoning	A recipe needs 400g of flour to serve 4 people. You are cooking for 5 people. How much flour do you need?	500	\b500\b	Step 1: Find the flour needed per person. 400g / 4 people = 100g per person. Step 2: Calculate the flour for 5 people. 5 people * 100g/person = 500g.
LR_MATH_179	Procedural Reasoning	If you invest £1000 for 2 years with a compound interest rate of 5% per year, what is the total amount at the end of the 2 years?	1102.50	1102\\.50|£1102\\.50	Step 1: After year 1, the amount is £1000 * 1.05 = £1050. Step 2: After year 2, the amount is £1050 * 1.05 = £1102.50.
LR_MATH_180	Procedural Reasoning	A car's fuel efficiency is 50 miles per gallon. How many gallons would be needed for a 450-mile trip?	9	\b9\b	To find the fuel needed, divide the distance by the fuel efficiency. 450 miles / 50 miles per gallon = 9 gallons.
LR_MATH_181	Procedural Reasoning	The angles in a triangle are in the ratio 1:2:3. What is the size of the largest angle?	90	\b90\b	Step 1: The sum of angles in a triangle is 180 degrees. The total parts in the ratio is 1+2+3=6. Step 2: The value of one part is 180 / 6 = 30 degrees. Step 3: The largest angle is 3 parts, so 3 * 30 = 90 degrees.
LR_MATH_182	Procedural Reasoning	A shop buys a coat for £50 and sells it for £80. What is the percentage profit mark-up?	60	60|60%	Step 1: Calculate the profit amount. £80 - £50 = £30. Step 2: Calculate the percentage mark-up based on the cost price. (£30 / £50) * 100 = 60%.
LR_MATH_183	Procedural Reasoning	A playlist contains 120 songs. The average song length is 3 minutes. How long is the entire playlist in hours?	6	\b6\b	Step 1: Calculate the total length in minutes. 120 songs * 3 minutes/song = 360 minutes. Step 2: Convert minutes to hours. 360 minutes / 60 minutes/hour = 6 hours.
LR_MATH_184	Procedural Reasoning	If 8 out of 40 students in a class wear glasses, what percentage of students do not wear glasses?	80	80|80%	Step 1: Find the number of students who do not wear glasses. 40 - 8 = 32. Step 2: Calculate the percentage. (32 / 40) * 100 = 80%.
LR_MATH_185	Procedural Reasoning	A window is 1.2 metres wide and 1.5 metres high. What is its area in square metres?	1.8	1\\.8	The area is width multiplied by height. 1.2 metres * 1.5 metres = 1.8 square metres.
LR_MATH_186	Procedural Reasoning	What is the lowest common multiple of 8 and 12?	24	\b24\b	Multiples of 8 are 8, 16, 24, 32... Multiples of 12 are 12, 24, 36... The lowest number that appears in both lists is 24.
LR_MATH_187	Procedural Reasoning	A train has 512 passengers. At the first stop, half of the passengers get off. At the second stop, half of the remaining passengers get off. How many passengers are left?	128	\b128\b	Step 1: After the first stop, 512 / 2 = 256 passengers remain. Step 2: After the second stop, 256 / 2 = 128 passengers are left.
LR_MATH_188	Procedural Reasoning	A runner aims to run 30 miles in a week. By Wednesday, she has run 12 miles. What percentage of her weekly goal has she completed?	40	40|40%	To find the percentage completed, divide the miles run by the total goal and multiply by 100. (12 / 30) * 100 = 0.4 * 100 = 40%.
LR_MATH_189	Procedural Reasoning	A bag costs £90. In a sale, it is reduced by 1/3. What is the sale price?	60	\b60\b|£60	Step 1: Calculate the discount amount. £90 * (1/3) = £30. Step 2: Subtract the discount from the original price. £90 - £30 = £60.
LR_MATH_190	Procedural Reasoning	A cyclist travels 45 km in 3 hours. What is their average speed in km/h?	15	\b15\b	Average speed is total distance divided by total time. 45 km / 3 hours = 15 km/h.
LR_MATH_191	Procedural Reasoning	A box contains blue and red pens. There are 36 pens in total. If 25% are blue, how many are red?	27	\b27\b	Step 1: Calculate the number of blue pens. 36 * 25% = 9 blue pens. Step 2: Calculate the number of red pens. 36 - 9 = 27 red pens.
LR_MATH_192	Procedural Reasoning	A room requires 24 square metres of carpet. If the carpet costs £15 per square metre, what is the total cost?	360	\b360\b|£360	To find the total cost, multiply the area by the cost per square metre. 24 * £15 = £360.
LR_MATH_193	Procedural Reasoning	If an item costs £80 including 20% VAT, what is the price before VAT was added?	66.67	66\\.67	Step 1: The price including VAT represents 120% of the original price. Step 2: To find the original price, divide the final price by 1.20. £80 / 1.20 = £66.67.
LR_MATH_194	Procedural Reasoning	What is the value of 2 to the power of 6?	64	\b64\b	2 to the power of 6 means multiplying 2 by itself 6 times. 2 * 2 * 2 * 2 * 2 * 2 = 64.
LR_MATH_195	Procedural Reasoning	A car is bought for £10,000 and sold 3 years later for £4,000. What was the total depreciation?	6000	\b6000\b|£6,000	Depreciation is the difference between the purchase price and the selling price. £10,000 - £4,000 = £6,000.
LR_MATH_196	Procedural Reasoning	A recipe needs 250g of flour, 150g of sugar, and 100g of butter. What is the ratio of flour to sugar to butter in its simplest form?	5:3:2	5:3:2	The ratio is 250:150:100. To simplify, find the greatest common divisor, which is 50. Divide each part of the ratio by 50. 250/50 : 150/50 : 100/50 = 5:3:2.
LR_MATH_197	Procedural Reasoning	A phone battery lasts for 10 hours of use. If you have used it for 4.5 hours, what percentage of the battery is remaining?	55	55|55%	Step 1: Find the remaining time. 10 hours - 4.5 hours = 5.5 hours. Step 2: Calculate the remaining percentage. (5.5 / 10) * 100 = 55%.
LR_MATH_198	Procedural Reasoning	The sum of two consecutive numbers is 31. What are the numbers?	15 and 16	15 and 16|16 and 15	Let the numbers be x and x+1. The equation is x + (x+1) = 31. 2x + 1 = 31. 2x = 30. x = 15. The numbers are 15 and 16.
LR_MATH_199	Procedural Reasoning	A journey of 150 miles takes 2.5 hours. What was the average speed in mph?	60	\b60\b	Average speed is distance divided by time. 150 miles / 2.5 hours = 60 mph.
LR_MATH_200	Procedural Reasoning	A company has 80 employees. 12 of them are left-handed. What percentage of employees are right-handed?	85	85|85%	Step 1: Find the number of right-handed employees. 80 - 12 = 68. Step 2: Calculate the percentage. (68 / 80) * 100 = 0.85 * 100 = 85%.
